{
    "product": {
        "result": {
            "status": {
                "code": 200,
                "attempt": 1,
                "data": "success",
                "executionTime": "4.02",
                "requestTime": "2024-05-21 12:45:41",
                "requestId": "315eddac517896f09ad9d0f376b4b04e",
                "endpoint": "item_detail",
                "apiVersion": "4.0.4",
                "functionsVersion": "4.0.7",
                "la": "0.11",
                "pmu": 1639104,
                "mu": 1203232
            },
            "settings": {
                "locale": "en_US",
                "currency": "USD",
                "country": "US",
                "itemId": "1005006883993043"
            },
            "item": {
                "available": true,
                "itemId": "3256806697678291",
                "title": "Clear Shinny Back Protector for iPhone 15 14 13 Pro Max 15 plus Matte Black Carbon fibre Full Cover back Side Frame Film",
                "catId": 200002107,
                "breadcrumbs": [
                    {
                        "title": "Phones & Telecommunications",
                        "catId": "509"
                    },
                    {
                        "title": "Mobile Phone Accessories",
                        "catId": "100001205"
                    },
                    {
                        "catId": "200002107"
                    }
                ],
                "sales": "8",
                "wishCount": 4,
                "itemUrl": "//www.aliexpress.com/item/3256806697678291.html",
                "images": [
                    "//ae01.alicdn.com/kf/Scc09eacc9be44da58126b7294a2dfb33o/Clear-Shinny-Back-Protector-for-iPhone-15-14-13-Pro-Max-15-plus-Matte-Black-Carbon.jpg",
                    "//ae01.alicdn.com/kf/Sb7d28e5c5ba7494cab40c86102a9a39eD/Clear-Shinny-Back-Protector-for-iPhone-15-14-13-Pro-Max-15-plus-Matte-Black-Carbon.jpg",
                    "//ae01.alicdn.com/kf/S26ac82e514d34d4796032288b5f5662c8/Clear-Shinny-Back-Protector-for-iPhone-15-14-13-Pro-Max-15-plus-Matte-Black-Carbon.jpg",
                    "//ae01.alicdn.com/kf/Sd7da10cf842545b2867581296d0ab6e0N/Clear-Shinny-Back-Protector-for-iPhone-15-14-13-Pro-Max-15-plus-Matte-Black-Carbon.jpg",
                    "//ae01.alicdn.com/kf/S3260ef1e4167468a9a1b672df2f50b397/Clear-Shinny-Back-Protector-for-iPhone-15-14-13-Pro-Max-15-plus-Matte-Black-Carbon.jpg",
                    "//ae01.alicdn.com/kf/Se7b83627f43641599086eb8ec77dab3a2/Clear-Shinny-Back-Protector-for-iPhone-15-14-13-Pro-Max-15-plus-Matte-Black-Carbon.jpg"
                ],
                "video": {
                    "id": 5000040212654,
                    "thumbnail": "//ae01.alicdn.com/kf/Scc09eacc9be44da58126b7294a2dfb33o/Clear-Shinny-Back-Protector-for-iPhone-15-14-13-Pro-Max-15-plus-Matte-Black-Carbon.jpg",
                    "url": "//video.aliexpress-media.com/play/u/ae_sg_item/3560461995/p/1/e/6/t/10301/5000040212654.mp4"
                },
                "properties": {
                    "cut": "Type / Features / Brand Name / Origin / Compatible Brand / Feature / Feature A / Feature B / Feature C / Feature D / Feature E / Feature F",
                    "list": [
                        {
                            "name": "Type",
                            "value": "Back film"
                        },
                        {
                            "name": "Features",
                            "value": "clear,HD Film,Anti-Fingerprint"
                        },
                        {
                            "name": "Brand Name",
                            "value": "ALANGDUO"
                        },
                        {
                            "name": "Origin",
                            "value": "Mainland China"
                        },
                        {
                            "name": "Compatible Brand",
                            "value": "iPhone"
                        },
                        {
                            "name": "Feature",
                            "value": "Clear Shinny Back Protector for iPhone 15 Pro Max"
                        },
                        {
                            "name": "Feature A",
                            "value": "Clear Shinny Back Protector for iPhone 14 pro max"
                        },
                        {
                            "name": "Feature B",
                            "value": "Matte Black Film"
                        },
                        {
                            "name": "Feature C",
                            "value": "Carbon fibre Full Cover back Side Frame Film"
                        },
                        {
                            "name": "Feature D",
                            "value": "Anti-Fingerprints"
                        },
                        {
                            "name": "Feature E",
                            "value": "Back film for iphone 13 pro max"
                        },
                        {
                            "name": "Feature F",
                            "value": "Back film for iphone 15pro"
                        }
                    ]
                },
                "description": {
                    "html": "<p style=\"text-align:center\" align=\"center\"><span style=\"font-size:26px\"><strong>Clear Shinny Back Protector for iPhone 15 14 13 Pro Max 15 plus Matte Black Carbon fibre Full Cover back Side Frame Film</strong></span></p><br/><br/><p style=\"text-align:center\" align=\"center\"><span style=\"font-size:20px\">Product Details:</span></p><br/><p style=\"text-align:center\" align=\"center\"><img src=\"//ae01.alicdn.com/kf/Scc09eacc9be44da58126b7294a2dfb33o.jpg\" slate-data-type=\"image\"/><img src=\"//ae01.alicdn.com/kf/Sb7d28e5c5ba7494cab40c86102a9a39eD.jpg\" slate-data-type=\"image\"/><img src=\"//ae01.alicdn.com/kf/S26ac82e514d34d4796032288b5f5662c8.jpg\" slate-data-type=\"image\"/><img src=\"//ae01.alicdn.com/kf/Sd7da10cf842545b2867581296d0ab6e0N.jpg\" slate-data-type=\"image\"/><img src=\"//ae01.alicdn.com/kf/S3260ef1e4167468a9a1b672df2f50b397.jpg\" slate-data-type=\"image\"/><img src=\"//ae01.alicdn.com/kf/Sd6d956ca2a484554a4c90f6b4743f28fN.jpg\" slate-data-type=\"image\"/><img src=\"//ae01.alicdn.com/kf/S735336fc95b5416394c9b250bb440d0cQ.jpg\" slate-data-type=\"image\"/><img src=\"//ae01.alicdn.com/kf/S79379f53d1eb49c8bbef6ba7a02aa9703.jpg\" slate-data-type=\"image\"/><img src=\"//ae01.alicdn.com/kf/Se7b83627f43641599086eb8ec77dab3a2.jpg\" slate-data-type=\"image\"/></p>\n<script>window.adminAccountId=231817538;</script>\n",
                    "images": [
                        "//ae01.alicdn.com/kf/Scc09eacc9be44da58126b7294a2dfb33o.jpg",
                        "//ae01.alicdn.com/kf/Sb7d28e5c5ba7494cab40c86102a9a39eD.jpg",
                        "//ae01.alicdn.com/kf/S26ac82e514d34d4796032288b5f5662c8.jpg",
                        "//ae01.alicdn.com/kf/Sd7da10cf842545b2867581296d0ab6e0N.jpg",
                        "//ae01.alicdn.com/kf/S3260ef1e4167468a9a1b672df2f50b397.jpg",
                        "//ae01.alicdn.com/kf/Sd6d956ca2a484554a4c90f6b4743f28fN.jpg",
                        "//ae01.alicdn.com/kf/S735336fc95b5416394c9b250bb440d0cQ.jpg",
                        "//ae01.alicdn.com/kf/S79379f53d1eb49c8bbef6ba7a02aa9703.jpg",
                        "//ae01.alicdn.com/kf/Se7b83627f43641599086eb8ec77dab3a2.jpg"
                    ]
                },
                "sku": {
                    "def": {
                        "quantity": 711,
                        "price": "1.43 - 2.12",
                        "promotionPrice": 0.99,
                        "vat": null,
                        "unit": "piece",
                        "isBulk": false
                    },
                    "base": [
                        {
                            "skuId": "12000038612628959",
                            "skuAttr": "14:4812#Matte Clear;200000828:11575218784#For iPhone 15plus",
                            "propMap": "14:4812;200000828:11575218784",
                            "price": 1.82,
                            "promotionPrice": 0.99,
                            "quantity": 3,
                            "ext": "5DNQMKkL0qKdnNuxjZ_ktbSxUqLqKN-3nVoQBKrdIpLDBixtk2UHWg4BzfFe9C-3zEgbcrZXih8cPgf9W2FzTFVIrQ5Hn9wP9T3wxfu2rcmBccNDJct12RGJTnpx-myFpAc2P40YWC7wlg_aKNJiReiOQG3zpSbHwLSgGtJ_G6U="
                        },
                        {
                            "skuId": "12000038612628958",
                            "skuAttr": "14:4812#Matte Clear;200000828:11316372535#For iPhone 15",
                            "propMap": "14:4812;200000828:11316372535",
                            "price": 1.8,
                            "promotionPrice": 0.99,
                            "quantity": 22,
                            "ext": "_q8NSC0jxGvdaRFxoGdxEryNb3wxZpJ_ROPmIezNQN9YGwf3e02JbH-5cs0GFhRpr3NHuC8ACe-Se1Bco1cJ618tu0GwcfI-w5uX8s2N7yvnfEEmI-kbXIy3sla2pQHe5xlsPGmG5ikf16RJ0s20atUcDIDMWRW69-UcOAlgWSI="
                        },
                        {
                            "skuId": "12000038612629000",
                            "skuAttr": "14:365458#Carbon Fibre;200000828:201335945#For iPhone 13pro",
                            "propMap": "14:365458;200000828:201335945",
                            "price": 1.8,
                            "promotionPrice": 0.99,
                            "quantity": 3,
                            "ext": "YSlm-fol4P4qJ48o5BvRWeorSLqXH9IzZddsB7z59ifSoLyiugUaCbANaXPZyT5sufxUu1ZHq1V2yVdZhwA1HMq5G04yzbcRM5wggOnqhSeDqE_gEEys-PNO96gPoS4z-frErcWuNLDEreCwF6dx2Vdwvoaiju7wJg0dEGUMFN8="
                        },
                        {
                            "skuId": "12000038612628993",
                            "skuAttr": "14:365458#Carbon Fibre;200000828:21844584495#For iPhone 15pro",
                            "propMap": "14:365458;200000828:21844584495",
                            "price": 1.78,
                            "promotionPrice": 0.99,
                            "quantity": 7,
                            "ext": "jAMtnIiGmAfq9bi6Wy-8fM4W9874LgZO-rXiAum5GWwp9XGPFoLjZVAzhEmzsFxmRKdPm7ywdQDUMgSMDaKOLh2hsR1KKF5NeZ-m4b58OXU2GXoVW9gap_oRFHbx_0tA_QuAHcj9O3pLQE65srPYaHjAQDcVJyu7AcT-UjhH3jY="
                        },
                        {
                            "skuId": "12000038612628992",
                            "skuAttr": "14:365458#Carbon Fibre;200000828:11575218784#For iPhone 15plus",
                            "propMap": "14:365458;200000828:11575218784",
                            "price": 1.86,
                            "promotionPrice": 0.99,
                            "quantity": 0,
                            "ext": "puRzAfo8j631KfULPno9WksQBwplwPv_G45Peo1fWnAhBRV4I7DmNmEdB61wor0MYGAxeNx4C5KJkJdMK9J5o7x_3qO9mHh7YBuBYkEUUcrniTv444haFZwkJ7v3Oyh3RmC6q1uZmtegs7pWncEEcNALBE-iJshzoRFbIxN-GNM="
                        },
                        {
                            "skuId": "12000038612628995",
                            "skuAttr": "14:365458#Carbon Fibre;200000828:201335940#For iPhone 14",
                            "propMap": "14:365458;200000828:201335940",
                            "price": 1.9,
                            "promotionPrice": 0.99,
                            "quantity": 4,
                            "ext": "See5maohz_D2-wrJC0oigmWUIyXkZIjSi9pDlg8o6FfK0OMvaGANkK_OwdtLeC8MPx4YRNDwZhV8V2e8-XCSqJ4ahXUptv8cEn_rYdXbMM5RIOG-vQT308NxbNZKhKm5ZfVUUicv8Esoz4Ca3lsXrc9mRZ8BeOn_dbXyhHrED_8="
                        },
                        {
                            "skuId": "12000038612628994",
                            "skuAttr": "14:365458#Carbon Fibre;200000828:22167658374#For 15 Pro Max",
                            "propMap": "14:365458;200000828:22167658374",
                            "price": 1.98,
                            "promotionPrice": 0.99,
                            "quantity": 10,
                            "ext": "YZSXpFmYkLd5oTY3djW5WkGdVqtPWAMKXYmg2QyHGneqocey3JgzYNWIBbEWFBQ_FUFqEKj8Y8ZUWsJeXCzxPHUd2JhcSlj2WodlBy-GRVl5O2QWrhNnsACKh29ZnVYKZVJNQ5tRJMHSzgErh4q5loPJC2BDehRnzuRARBQL70E="
                        },
                        {
                            "skuId": "12000038612628997",
                            "skuAttr": "14:365458#Carbon Fibre;200000828:201335942#For iPhone 14pro",
                            "propMap": "14:365458;200000828:201335942",
                            "price": 1.86,
                            "promotionPrice": 0.99,
                            "quantity": 0,
                            "ext": "RFC06hxqrx3MM6K4WZQj2IACfFhCTjzoswybYRsWnVTKWtF6pO4IZVRv6HTU1AYhtMSFIUVx06rLDCRlIRYOjjqx4boFXu14JHb-n0zDlGs42RMeJV0ASn_HyNtW_8taFO_Na7tkiK2QP8M70VNWUcqv2Z_ineruBr9pRIzSLnA="
                        },
                        {
                            "skuId": "12000038612628996",
                            "skuAttr": "14:365458#Carbon Fibre;200000828:201335941#For iPhone 14plus",
                            "propMap": "14:365458;200000828:201335941",
                            "price": 1.86,
                            "promotionPrice": 0.99,
                            "quantity": 0,
                            "ext": "GcfKwxgtFIqipKrDsRAmyZQDDnGKWRa3XSeVTh1VSEH-GxrpswCL9Js7bZk1IQAqeoci5v-YZGiuV9PIny08eldykQV9SGG2zTrLeGEBCW9fS5ohFoJiEQObvTTVnIVpeiPgFOaw-7y71MxAquBJYKd-MqdRROjHEV3YfBh4Q4s="
                        },
                        {
                            "skuId": "12000038612628999",
                            "skuAttr": "14:365458#Carbon Fibre;200000828:200003986#For iPhone 13",
                            "propMap": "14:365458;200000828:200003986",
                            "price": 1.8,
                            "promotionPrice": 0.99,
                            "quantity": 13,
                            "ext": "rHSpZjmfEEiBJxLILFWQZp_biFync7eaBronqUeDPYiYwQTW64cP6Ti6VSOPsL5ZUK60Qim4JFJL97lcndwEhwZYYXBo_AZnURwYgTU-kADklrlwcWy1Z9AiASDiWXnuyfX1M7cu3MMnA2zeA9uBDIcM3AWltIgSsjyU8FIOhQg="
                        },
                        {
                            "skuId": "12000038612628998",
                            "skuAttr": "14:365458#Carbon Fibre;200000828:200003985#For 14 Pro Max",
                            "propMap": "14:365458;200000828:200003985",
                            "price": 1.53,
                            "promotionPrice": 0.99,
                            "quantity": 8,
                            "ext": "3K0Naeakr5Ff_Y_Q5-K4mVahxSsUbTZIYgO0wNWIS9YvaQAs7QEWynJp7wio-Vh8fDxksZkCTVE77m5i5B_AkxdR4nwrOKpWP18esyMmw0vMRmeiHEDRxtXuRS_i2ZQcrDVYhoXXclntUAlguzueEZgsfZAaLHTBnaNfdcdoKQk="
                        },
                        {
                            "skuId": "12000038612628985",
                            "skuAttr": "14:200004890#Matte Black;200000828:201335941#For iPhone 14plus",
                            "propMap": "14:200004890;200000828:201335941",
                            "price": 1.56,
                            "promotionPrice": 0.99,
                            "quantity": 0,
                            "ext": "EZeUaNwHcDFBu5QI1hHxC9zLxHpucJT4Scq6V1e0Q8gSzcPueQr6oMxmjgabcqBhT_5ZzOe69tsy0pd6TZi7Vsh8dACtTnM7Eh6dZfV0_2bXO5dIZgpv2bd_TRVH4nUHe9SgRNoJP5GuT5BTx9PiLqv7lI_VgWCCL6isKDaBGMI="
                        },
                        {
                            "skuId": "12000038612628984",
                            "skuAttr": "14:200004890#Matte Black;200000828:201335940#For iPhone 14",
                            "propMap": "14:200004890;200000828:201335940",
                            "price": 1.8,
                            "promotionPrice": 0.99,
                            "quantity": 4,
                            "ext": "S_2wqRIJIUS8SAnae6wIsTf_6OA7zJZpcgDVbFacfVYz_9QkSeatL-7oiSXQ14xJEQJ8jW3wEnCb0Gtgcni9Z0QhuGayva8lwr7hrpm05kgXHejwrE5ZL3T2RG_w1rDOkiV0e9xx20MgUFg2h7DAij_HxubbcMd54wMBGSIfwSw="
                        },
                        {
                            "skuId": "12000038612628987",
                            "skuAttr": "14:200004890#Matte Black;200000828:200003985#For 14 Pro Max",
                            "propMap": "14:200004890;200000828:200003985",
                            "price": 1.75,
                            "promotionPrice": 0.99,
                            "quantity": 3,
                            "ext": "0zzeWxoOuBO2DxpKgisO5tV0MnwBuHkyEjWX_qlKJe-iJo8MNkt_pL0VmImM6fftxOMdU33sY3qYDt8PvVHdSR2grUH0c5b-jdnbnHJmnpfnoUm3XBjGR6fESLLo4Nu2inBdtm5IY6eyILYBL89XGsnO0WVXDjjg7t52vpiGzT0="
                        },
                        {
                            "skuId": "12000038612628986",
                            "skuAttr": "14:200004890#Matte Black;200000828:201335942#For iPhone 14pro",
                            "propMap": "14:200004890;200000828:201335942",
                            "price": 1.8,
                            "promotionPrice": 0.99,
                            "quantity": 4,
                            "ext": "6oZbcBJSgM_bRThrQQ2Va393rq4qFfwnKq4cNXvNHZ-qsCbHUkpmNQr1iwvwxmUgZy0UD6V9HbiQkXkajPme0L0LodMrQjFbM2ZudOND2mA4djK2TS9ulpseX5wGClyKmdp-SXNj5f5rPmp8gAtk_XBdRnh3fPt6rrXnq7fXVh8="
                        },
                        {
                            "skuId": "12000038612628989",
                            "skuAttr": "14:200004890#Matte Black;200000828:201335945#For iPhone 13pro",
                            "propMap": "14:200004890;200000828:201335945",
                            "price": 1.86,
                            "promotionPrice": 0.99,
                            "quantity": 3,
                            "ext": "2jQrlJlrRk1MB51aCSe8WHEOzZkyktWxMqf90ElxIHsKn5zi65FIhjO41nhUgzEbt-SFXxpKyRzdRcfIIOMrsQfLmmLmg8__TN-WGKJ8f-baOeu190gUmwrPkP_R80VaL-HU9ozhhsNQYLY7vTipuGWGUSL_2JDFaX9_h54S4fI="
                        },
                        {
                            "skuId": "12000038612628988",
                            "skuAttr": "14:200004890#Matte Black;200000828:200003986#For iPhone 13",
                            "propMap": "14:200004890;200000828:200003986",
                            "price": 1.8,
                            "promotionPrice": 0.99,
                            "quantity": 14,
                            "ext": "oQ2Ez-UpHw2sCGn6h2YnbNotFLDcdge033KNhmaXh9ewl0rPQENoeCiqxkX9V_oIeENLCzKLHBMLRV0dfHYT-8wzBYFb7gQEHSne0agIbJZmcNDP1GY58CmtLZkGqllJC84PT-XlXaNRyHRsiGq2w1NgEw9rrGVt1PqBEE87KLM="
                        },
                        {
                            "skuId": "12000038612628991",
                            "skuAttr": "14:365458#Carbon Fibre;200000828:11316372535#For iPhone 15",
                            "propMap": "14:365458;200000828:11316372535",
                            "price": 1.8,
                            "promotionPrice": 0.99,
                            "quantity": 0,
                            "ext": "U4RKfwdZH4zZ_JDZPxpx_U22EXqE31iZKdmmTS2alXvCZXSs9jPVKnKDLEw4JdENkJVWSQWyNsDoBD3ekg_9abJBRqzNtS_ZuEp5RVQrnEls8YQTeWDTCV4n4r_POwmkOyyHam1ASydGaCLhQ1AmhxJT0CMiiOx3Kh62LOGzcIY="
                        },
                        {
                            "skuId": "12000038612628990",
                            "skuAttr": "14:200004890#Matte Black;200000828:201335946#For 13 Pro Max",
                            "propMap": "14:200004890;200000828:201335946",
                            "price": 2.12,
                            "promotionPrice": 0.99,
                            "quantity": 8,
                            "ext": "CYnixLlz2MX2FZtSIixLlM_Iyx6r15ajGpP8mp_tcAfH5PePR9Iho0CBxPAWzHETj_a00rPXqVR8UqHTSh91sZSPVDbXy7HFcl4eEGeqBWMDlWG_YwKcY7vmruHwfHMAz2yyhQ0kTtn5GCkWhMtzgk--JOzCVU-BFffHL14rF3c="
                        },
                        {
                            "skuId": "12000038612628977",
                            "skuAttr": "14:67318203#Clear Shinny;200000828:200003986#For iPhone 13",
                            "propMap": "14:67318203;200000828:200003986",
                            "price": 1.77,
                            "promotionPrice": 0.99,
                            "quantity": 4,
                            "ext": "kj4TyKLGGd9uY4tvOVokZli9-9jn0wtB3IRhZJMNcMJWijiT2Bd4TQxH73yjAnQY-oC_s2ITPbbjREN-5WKc0IvGbCHgQfKegjzMdVBHVAfR9hJStQA0tXzmh9CR5IUlQSH7zSP0aHLQFgJQNqwcwC_dRlgreqYgMlPjsxR6H1A="
                        },
                        {
                            "skuId": "12000038612628976",
                            "skuAttr": "14:67318203#Clear Shinny;200000828:200003985#For 14 Pro Max",
                            "propMap": "14:67318203;200000828:200003985",
                            "price": 1.72,
                            "promotionPrice": 0.99,
                            "quantity": 15,
                            "ext": "-364UdkvK2KcMD1VYvbQLQQGCFRl0LBF4xJ7jhpFkV427FUV9HpgTlVHduiNRgGAsEC3wfUAnDmzk-eCDol22iyPIrXO5mCQzAQM1WEupdAXdfuw0M4zfUDniZsYgHO58M0XAV1DXqj644Z6E3sj6abYRX09wR27vQenLGF3dsQ="
                        },
                        {
                            "skuId": "12000038612628979",
                            "skuAttr": "14:67318203#Clear Shinny;200000828:201335946#For 13 Pro Max",
                            "propMap": "14:67318203;200000828:201335946",
                            "price": 1.75,
                            "promotionPrice": 0.99,
                            "quantity": 76,
                            "ext": "STzuDkQUhwoMg-lKnP-RnsKiyt2Twu9h1g4DCFqUzC4oG2TlKfSGKzFKJlAUKLQjOKDrIMTdggoyYvQnFcxGNVd9eP7eagPWgJHUKBnfflIyZMl20SB34u8ioZzXm42eEecwwOGvErWoU-yho1YcUK-5OCx3l2MbIKnqcmbrBuA="
                        },
                        {
                            "skuId": "12000038612628978",
                            "skuAttr": "14:67318203#Clear Shinny;200000828:201335945#For iPhone 13pro",
                            "propMap": "14:67318203;200000828:201335945",
                            "price": 1.86,
                            "promotionPrice": 0.99,
                            "quantity": 43,
                            "ext": "T7yFKjqwGq4mO6Pws6phrSkAk8fr8cUDiUSEsghV-IisRkjZWcm2KxxAnTgfyCWGBy0FSt5UnrbaSjS4PfhTqUfeIatRT8PixwnMHH-540TPS1QN-ISvAWA4d1-w3ojwKT8wntZsytJf_p6xCnha0LMj_ZoUJzhYNM_rj9ahisI="
                        },
                        {
                            "skuId": "12000038612628981",
                            "skuAttr": "14:200004890#Matte Black;200000828:11575218784#For iPhone 15plus",
                            "propMap": "14:200004890;200000828:11575218784",
                            "price": 1.8,
                            "promotionPrice": 0.99,
                            "quantity": 8,
                            "ext": "drdAjq4dF_Rn2_J5mx8Ko---0iklmKCiTrnsYyBJaeRvz7od_VUZk1dcQE_diYeFUkULo-w2GlAXBiUyEDqWvOYrb7Jl51lLxq-oJGg-mVZ5SsZN4ynGL_cZOr56j3A14JPSjQd9iVBx3Eya_ZZC2LfsfDcrO3WE2ba-Hw-K3X4="
                        },
                        {
                            "skuId": "12000038612628980",
                            "skuAttr": "14:200004890#Matte Black;200000828:11316372535#For iPhone 15",
                            "propMap": "14:200004890;200000828:11316372535",
                            "price": 1.8,
                            "promotionPrice": 0.99,
                            "quantity": 5,
                            "ext": "s5k18WNry1nRnXRCcemoNG7wZqyMenq-wPSDYJkfxOOQy13iZVy4osc6Vg8w8xf6potjmNR9yD0h2v1KbO5sf5Mwul4FncEoUfKFQaztilMvv7yUSfGAYAIN_8_tJxsunT394GMfKtUh7o6LIqE3RvOieePyAsmukli2tDal9dM="
                        },
                        {
                            "skuId": "12000038612628983",
                            "skuAttr": "14:200004890#Matte Black;200000828:22167658374#For 15 Pro Max",
                            "propMap": "14:200004890;200000828:22167658374",
                            "price": 1.81,
                            "promotionPrice": 0.99,
                            "quantity": 18,
                            "ext": "155Ra89M0LvDqZSlezng2GjdnLt_ycCqpjaMVNXAnjLPBP2oXk6VzZxNeOt34ZlfPjze4p4XA7A2IB58sDl9ftRmAEFneZaeqYs9K5070hpQAhLu_4z4pa4Ofk6Yc0u93MLJ8ud2AsQjZuOfu1TB4P2r_RNWSFGMw2GAwzA9Xek="
                        },
                        {
                            "skuId": "12000038612628982",
                            "skuAttr": "14:200004890#Matte Black;200000828:21844584495#For iPhone 15pro",
                            "propMap": "14:200004890;200000828:21844584495",
                            "price": 1.8,
                            "promotionPrice": 0.99,
                            "quantity": 10,
                            "ext": "cmLXOkxgc_uLWnfqhsRiv39F_EiAek9tQf_lOMKlvk-AW4xmmMML1Wj1Cq51zLB4fnvx506Yj_td7xjE2cTUapFV2hDX_25jxKyhv7RPFsk0g-T4CHnr0u1C0Cb6VFezM2LkLZ3S-nxlIrEX77r1yBzEj0gEn-h3lAiY5BtegXk="
                        },
                        {
                            "skuId": "12000038612628969",
                            "skuAttr": "14:67318203#Clear Shinny;200000828:11316372535#For iPhone 15",
                            "propMap": "14:67318203;200000828:11316372535",
                            "price": 1.77,
                            "promotionPrice": 0.99,
                            "quantity": 9,
                            "ext": "5rGfobNEqXpXIO-nGXJexBmwfErGPmJDvtx71NiKt_UUAhus6CzpwNpx3Hd0lpTBERvJBnuMRv8cOLGVAp3byCMKHk32vnzk80Nm-5YXdKVlp4-blUB6E9FZbMgL6RHx_mD4159oRMo3VhcfQ43yGREzen7x2UPHQqO_lGoKL4g="
                        },
                        {
                            "skuId": "12000038612628968",
                            "skuAttr": "14:4812#Matte Clear;200000828:201335946#For 13 Pro Max",
                            "propMap": "14:4812;200000828:201335946",
                            "price": 1.88,
                            "promotionPrice": 0.99,
                            "quantity": 9,
                            "ext": "k2KTaMwJuyuIH17Z2hKcEQovkspXd3KNSrQGyHQ0yyl95f8pTwjyBZTOMdP8HpebWmPv1qKcgujRwgHQfl6XPFIVRkejSvoKHiaVA0uzZzV_i_JoMViebbSkIlsQl0sDezzeU_fyfpkMm1ugBt7HKIst1cWYuIOM3gzhXuBaciU="
                        },
                        {
                            "skuId": "12000038612628971",
                            "skuAttr": "14:67318203#Clear Shinny;200000828:21844584495#For iPhone 15pro",
                            "propMap": "14:67318203;200000828:21844584495",
                            "price": 1.68,
                            "promotionPrice": 0.99,
                            "quantity": 123,
                            "ext": "U3LvLUbgrN9x4kSkpvdPklS7lL7uhcpYO4i_Ikz5RLFri5IRjXSqpq4CModbkrk1-n4nha3PKSMVLV8Hmh8dTIqIIgPDdjJc_UM9ybxXurLzUDOCr9Lg6EKgh8idW82z756xZfRPAqAunwxmbJkJr_apKozgbEdOH2YCea5KedU="
                        },
                        {
                            "skuId": "12000038612628970",
                            "skuAttr": "14:67318203#Clear Shinny;200000828:11575218784#For iPhone 15plus",
                            "propMap": "14:67318203;200000828:11575218784",
                            "price": 1.77,
                            "promotionPrice": 0.99,
                            "quantity": 0,
                            "ext": "BcqSXAIG_AE_oOjWqYd-FoILpXQFcnh9yqCVK3e4q_Ma-K6h-4FZ1Hm4CG5iZ8fNk9ETxkKpCrdKTFZEBpPs3zFSB-nVHtaqYbNaJ7Ioi9kQI3I0pHQEbgcJNW8kUHlZuM6CiXlV-n1avTT7OxWevCoB0GOWdi1cy7_-btOLho4="
                        },
                        {
                            "skuId": "12000038612628973",
                            "skuAttr": "14:67318203#Clear Shinny;200000828:201335940#For iPhone 14",
                            "propMap": "14:67318203;200000828:201335940",
                            "price": 1.77,
                            "promotionPrice": 0.99,
                            "quantity": 3,
                            "ext": "cla03uvgfNMfUgWpozVsXpnYZ3Ec1_O978uOSDmVSdHcJbs9hHG6f2jSk6l9GZR-tJkTHSiZ4835VMuu5k8Ck4EusmhImys6kY4gXfFx1ZgceA6RBwGCo3WMnLRkY-7RgTIXpE3ckwKGMjKx1cYvXLZH16X9KusUd5wqYXnrKhI="
                        },
                        {
                            "skuId": "12000038612857001",
                            "skuAttr": "14:365458#Carbon Fibre;200000828:201335946#For 13 Pro Max",
                            "propMap": "14:365458;200000828:201335946",
                            "price": 1.81,
                            "promotionPrice": 0.99,
                            "quantity": 0,
                            "ext": "XdK5ZoQkkAxZWLx3K2Q9SpWb_4Op4K1Z_oLjr6j6I1JtwI-A6HwvinEaCqxsvQHAMfPkTdasvzpFk81AhvzrA7pOIp1RI3KFPl9V4ocJHFeYIGVBT6gHMbuKrhnuZOav6wPuqp__TAqiPpmYYZWsSPUCZzBXUUk7GlzTbWkiyZs="
                        },
                        {
                            "skuId": "12000038612628972",
                            "skuAttr": "14:67318203#Clear Shinny;200000828:22167658374#For 15 Pro Max",
                            "propMap": "14:67318203;200000828:22167658374",
                            "price": 1.72,
                            "promotionPrice": 0.99,
                            "quantity": 28,
                            "ext": "mCrFMHFRTRnTQTHQNSY_nAO6Nthzy9-nZRyefL19fQjsfX87ezmc3R2bjt7uDR4A4MbPZMta0Gb6WY2KAwwHFkV6-MpEoJ6YIvSd0xEo40ZzgznDLNcUR1e-X_jRG1jsVt0yDV2FNiD6ZEtIlI-6V3VcI6V1SAYBgMTba5O81EY="
                        },
                        {
                            "skuId": "12000038612628975",
                            "skuAttr": "14:67318203#Clear Shinny;200000828:201335942#For iPhone 14pro",
                            "propMap": "14:67318203;200000828:201335942",
                            "price": 1.82,
                            "promotionPrice": 0.99,
                            "quantity": 30,
                            "ext": "w-0s-bjf-_JU9eOasbRLME-7nvl8L0ZlXIRKQrZDnYI3ndID_YlpWd3QaWvqA0ZRCjVy6Trp_TQsip8GeF-dtBrrBRMeRtP7mhqXcZOKKiC-vnsvgSov1XOgPKwPcTErEI_QPwtTwmHmpg5z_UTDJjcb7PglED-WA_6NBDelwjI="
                        },
                        {
                            "skuId": "12000038612628974",
                            "skuAttr": "14:67318203#Clear Shinny;200000828:201335941#For iPhone 14plus",
                            "propMap": "14:67318203;200000828:201335941",
                            "price": 1.82,
                            "promotionPrice": 0.99,
                            "quantity": 0,
                            "ext": "XQJ5GbW_T8UtiUmfAncxB1YpPtFPpDb3m7_SkmZZUJN_amZ5dJSJg1PfSWbryT4IXWZC-MeKngsam36cYaPUSluu_L2z_Jj974mXLPH3HlURsvgyvj9eirl2mGWLcScxYMPLtFzR3RxLMQH-goFDWKIue-4iUoO8INFSMYviNUM="
                        },
                        {
                            "skuId": "12000038612628961",
                            "skuAttr": "14:4812#Matte Clear;200000828:22167658374#For 15 Pro Max",
                            "propMap": "14:4812;200000828:22167658374",
                            "price": 1.74,
                            "promotionPrice": 0.99,
                            "quantity": 29,
                            "ext": "ASINQLdfdcACwUp68SEi0QLRGft_Sv7l38RZx3qmXMgFd9BvTYN1hYKMAcZiFuPvDBEjT5jedgpTWkoSE03HVJU5oyOKDGe1uqCvJ7H3S6jdOP9vtgdn_brwIBnlyoQ5lNSGVJzYg9xhFpfSs8s7PWhn4jramWj0W92cKkHbMcA="
                        },
                        {
                            "skuId": "12000038612628960",
                            "skuAttr": "14:4812#Matte Clear;200000828:21844584495#For iPhone 15pro",
                            "propMap": "14:4812;200000828:21844584495",
                            "price": 1.81,
                            "promotionPrice": 0.99,
                            "quantity": 45,
                            "ext": "7U1-HiE5xUgcBKf04RAIcCd6-01HmrockUigCZ3s9iGe4rO-LWnl3GLScTfnCgHAIaH-53J8cMt2OdGMHPTTb7M-CoaMlx0l9DAn9oQ1O4Fqbu-0VmIsNW7DOgVrJyfgKMUnnIJh_fwo8C3czu2wWlBORzcXhEdTk7Hbn-xHGLU="
                        },
                        {
                            "skuId": "12000038612628963",
                            "skuAttr": "14:4812#Matte Clear;200000828:201335941#For iPhone 14plus",
                            "propMap": "14:4812;200000828:201335941",
                            "price": 1.68,
                            "promotionPrice": 0.99,
                            "quantity": 4,
                            "ext": "dClIKAggPfw2378v2tjEMXET8kGMVaIqLl2Ju9aOh0NawZM7QHIPZ1fbMSg0mRdbFSWyxlFZkPqYWhUWwVjrl_jkqlESX1DCGPxh8vyYb4LUvbMIQuKIC1aes148cXS4VbePS4xQgOU2d32PpAMGepuxHOX_kQW-oeov-Hw8ohE="
                        },
                        {
                            "skuId": "12000038612628962",
                            "skuAttr": "14:4812#Matte Clear;200000828:201335940#For iPhone 14",
                            "propMap": "14:4812;200000828:201335940",
                            "price": 1.43,
                            "promotionPrice": 0.99,
                            "quantity": 12,
                            "ext": "223dnuqrXhXBk2_1HfGEDMXf4d7gHdPOVDSoM7aICZcxMZYBi_Gbx0ZzmvLP_AMpJNTcBbmeEpP4ASsGu6hTe6MzUkmZg_43d0rExwSGb68a63nD63_l0h5ZMO3qxmzHt2WbDbj62XkWdd5Fft0R0mZlvD8IO8xj1peSfzjtQ6M="
                        },
                        {
                            "skuId": "12000038612628965",
                            "skuAttr": "14:4812#Matte Clear;200000828:200003985#For 14 Pro Max",
                            "propMap": "14:4812;200000828:200003985",
                            "price": 1.9,
                            "promotionPrice": 0.99,
                            "quantity": 20,
                            "ext": "2PH3sYI5edIeG6j3GUx7Jzsft5VgPlvEjWs6klatydl_KR0hpF1tGivcyZzPRGyhnlIrOvCqe5BR4I4rkyJvlp4tXNZZATh2VImLuzYyvF-VGvnJPQ5BWKdD9m4Qaa0Nxkz3d1v-I5a_9UWX-5vZDdxped9MqK2vZD2hxSE_jsM="
                        },
                        {
                            "skuId": "12000038612628964",
                            "skuAttr": "14:4812#Matte Clear;200000828:201335942#For iPhone 14pro",
                            "propMap": "14:4812;200000828:201335942",
                            "price": 1.72,
                            "promotionPrice": 0.99,
                            "quantity": 38,
                            "ext": "989Vr196kWJ450HfuA3MY7F4diilo9H8Z7i9av9fYKqttCiTzjmLKDspQJsPFV55BROLSDhlkPJ4Yxohmb1At7n9TgElkh1U2Ht85m24x0uHavFL5abwAiFIoZW3YQrCROwv1Ggv24iUt92Gc9ZW8i9gYfyy-4L8XP0ELF7n2tM="
                        },
                        {
                            "skuId": "12000038612628967",
                            "skuAttr": "14:4812#Matte Clear;200000828:201335945#For iPhone 13pro",
                            "propMap": "14:4812;200000828:201335945",
                            "price": 1.8,
                            "promotionPrice": 0.99,
                            "quantity": 37,
                            "ext": "eZs_JMp21ZYBt5v2Zke9mCk7p3HRJQda8YaJisq1ESjFuCXIEBieH8LEWhwTSZ5kA5SxmLBM1B_Cxjg8Mjvke91kizCJ3qUVcGpFoYN0I7_BvjrazqB6TGMugTvl3WXtY2MAf-jHtpmkxjy-ftpzFIDIed6C3ue9TXOYnb2ljxY="
                        },
                        {
                            "skuId": "12000038612628966",
                            "skuAttr": "14:4812#Matte Clear;200000828:200003986#For iPhone 13",
                            "propMap": "14:4812;200000828:200003986",
                            "price": 1.88,
                            "promotionPrice": 0.99,
                            "quantity": 39,
                            "ext": "T-1Hozxoea_gJn3IJ2v-lZWoFix-8NxM_Dg1ihEHzDpT3SACcgILW8_piEVVeeb4FEYmQnLpiareQxTHKe1pZi001e6iZWSajFEUVO-MTVP5YWlZwfOp5Jku3Ko8nJF0OFkWr3CpGT-Rw8x6HfY_03jtP-RgzQb7m6YYISXQqSE="
                        }
                    ],
                    "props": [
                        {
                            "pid": 14,
                            "name": "Color",
                            "values": [
                                {
                                    "vid": 4812,
                                    "name": "Matte Clear",
                                    "image": "//ae01.alicdn.com/kf/Se7b83627f43641599086eb8ec77dab3a2/Clear-Shinny-Back-Protector-for-iPhone-15-14-13-Pro-Max-15-plus-Matte-Black-Carbon.jpg",
                                    "propTips": "Matte Clear"
                                },
                                {
                                    "vid": 67318203,
                                    "name": "Clear Shinny",
                                    "image": "//ae01.alicdn.com/kf/S79379f53d1eb49c8bbef6ba7a02aa9703/Clear-Shinny-Back-Protector-for-iPhone-15-14-13-Pro-Max-15-plus-Matte-Black-Carbon.jpg",
                                    "propTips": "Clear Shinny"
                                },
                                {
                                    "vid": 365458,
                                    "name": "Carbon Fibre",
                                    "image": "//ae01.alicdn.com/kf/S735336fc95b5416394c9b250bb440d0cQ/Clear-Shinny-Back-Protector-for-iPhone-15-14-13-Pro-Max-15-plus-Matte-Black-Carbon.jpg",
                                    "propTips": "Carbon Fibre"
                                },
                                {
                                    "vid": 200004890,
                                    "name": "Matte Black",
                                    "image": "//ae01.alicdn.com/kf/Sd6d956ca2a484554a4c90f6b4743f28fN/Clear-Shinny-Back-Protector-for-iPhone-15-14-13-Pro-Max-15-plus-Matte-Black-Carbon.jpg",
                                    "propTips": "Matte Black"
                                }
                            ]
                        },
                        {
                            "pid": 200000828,
                            "name": "Bundle",
                            "values": [
                                {
                                    "vid": 11316372535,
                                    "name": "For iPhone 15",
                                    "propTips": "For iPhone 15"
                                },
                                {
                                    "vid": 11575218784,
                                    "name": "For iPhone 15plus",
                                    "propTips": "For iPhone 15plus"
                                },
                                {
                                    "vid": 21844584495,
                                    "name": "For iPhone 15pro",
                                    "propTips": "For iPhone 15pro"
                                },
                                {
                                    "vid": 22167658374,
                                    "name": "For 15 Pro Max",
                                    "propTips": "For 15 Pro Max"
                                },
                                {
                                    "vid": 201335940,
                                    "name": "For iPhone 14",
                                    "propTips": "For iPhone 14"
                                },
                                {
                                    "vid": 201335941,
                                    "name": "For iPhone 14plus",
                                    "propTips": "For iPhone 14plus"
                                },
                                {
                                    "vid": 201335942,
                                    "name": "For iPhone 14pro",
                                    "propTips": "For iPhone 14pro"
                                },
                                {
                                    "vid": 200003985,
                                    "name": "For 14 Pro Max",
                                    "propTips": "For 14 Pro Max"
                                },
                                {
                                    "vid": 200003986,
                                    "name": "For iPhone 13",
                                    "propTips": "For iPhone 13"
                                },
                                {
                                    "vid": 201335945,
                                    "name": "For iPhone 13pro",
                                    "propTips": "For iPhone 13pro"
                                },
                                {
                                    "vid": 201335946,
                                    "name": "For 13 Pro Max",
                                    "propTips": "For 13 Pro Max"
                                }
                            ]
                        }
                    ],
                    "skuImages": {
                        "14:4812": "//ae01.alicdn.com/kf/Se7b83627f43641599086eb8ec77dab3a2/Clear-Shinny-Back-Protector-for-iPhone-15-14-13-Pro-Max-15-plus-Matte-Black-Carbon.jpg",
                        "14:67318203": "//ae01.alicdn.com/kf/S79379f53d1eb49c8bbef6ba7a02aa9703/Clear-Shinny-Back-Protector-for-iPhone-15-14-13-Pro-Max-15-plus-Matte-Black-Carbon.jpg",
                        "14:365458": "//ae01.alicdn.com/kf/S735336fc95b5416394c9b250bb440d0cQ/Clear-Shinny-Back-Protector-for-iPhone-15-14-13-Pro-Max-15-plus-Matte-Black-Carbon.jpg",
                        "14:200004890": "//ae01.alicdn.com/kf/Sd6d956ca2a484554a4c90f6b4743f28fN/Clear-Shinny-Back-Protector-for-iPhone-15-14-13-Pro-Max-15-plus-Matte-Black-Carbon.jpg"
                    }
                }
            },
            "reviews": {
                "count": 1,
                "averageStar": "5.0",
                "averageStarRate": "100.0"
            },
            "delivery": {
                "shippingFrom": "China",
                "shippingFromCode": "CN",
                "shippingTo": "United States",
                "shippingToCode": "US",
                "shippingOutDays": "7",
                "shippingList": [
                    {
                        "shippingFrom": "China",
                        "shippingFromCode": "CN",
                        "shippingTo": "United States",
                        "shippingToCode": "US",
                        "shippingFee": "1.99",
                        "shippingCompany": "AliExpress Selection Standard",
                        "shippingTime": "7-10",
                        "serviceName": "CAINIAO_FULFILLMENT_STD",
                        "estimateDelivery": "Jun 05",
                        "estimateDeliveryDate": "2024-06-05",
                        "trackingAvailable": true,
                        "note": [
                            "Free shipping",
                            "(68.2% ≤ 13 days) ",
                            "​Collect a $1.00 coupon for late delivery"
                        ]
                    }
                ],
                "packageDetail": {
                    "weight": 0.04,
                    "length": 8,
                    "height": 8,
                    "width": 8
                }
            },
            "service": [
                {
                    "title": "Free returns",
                    "desc": "Not satisfied with your order? Send it back within 90 days after order was placed. The first return on each order is free."
                },
                {
                    "title": "Delivery guarantee",
                    "desc": "Collect a $1.00 coupon if your order arrives after the estimated delivery date. "
                }
            ],
            "seller": {
                "sellerId": 231817538,
                "storeTitle": "CaseKiss GLass Store",
                "storeId": 1101288514,
                "companyId": 241124608,
                "storeUrl": "//www.aliexpress.com/store/1101288514",
                "storeImage": "//ae01.alicdn.com/kf/S7f770946de0d4e8c80e7d06d15f6009d7.png",
                "storeFollowers": 2158,
                "storeRating": "91.3"
            }
        }
    }
}